{
  "STATION": "101",
  "DUTY_STATION": "E5",
  "STATION_INACT": "N",
  "TYPE_ACT": null,
  "STN_CITY": "WARD-HRSS",
  "STN_STATE": "AR",
  "STN_POID": "1250",
  "GSA_STATE": "05",
  "GSA_CITY": "4020",
  "GSA_COUNTY": "085",
  "VBA_AREA": null,
  "MSA_CODE": "4400",
  "ACT_NAME": null,
  "STN_ZIP_CODE": null,
  "MED_DIST": null,
  "ARS_XMIT": null,
  "ARS_CODE": null,
  "DHCP_IND": "N",
  "FMS_CODE": null,
  "PRIOR_GAP": null,
  "SVC_STN": null,
  "VHA_REGION": null,
  "STATE_TAX_CODE": "00",
  "CITY_TAX_CODE": "000000",
  "VCS_DIST": null,
  "NCS_DIST": "0",
  "LOC_PAY": 15.37,
  "VBA_AREA_PAID": null,
  "VHA_REGION_PAID": null,
  "VCS_DIST_PAID": null,
  "NCS_DIST_PAID": null
}