{
  "personalInformation": {
    "employeeID": "123456789",
    "actualSSN": null,
    "name": "LEVINSON,STANLEY S",
    "givenName": "STANLEY",
    "middleName": "S",
    "familyName": "LEVINSON",
    "nameSuffix": null,
    "sex": "M",
    "emailAddress": "STANLEY.LEVINSON@VA.GOV",
    "citizenshipCode": "1",
    "birthCountryCode": "US",
    "visaCountryCode": null,
    "typeOfVisa": null,
    "addressLine1": "7386 WOLFSPRING TRCE",
    "addressLine2": null,
    "city": "LOUISVILLE",
    "state": "KY",
    "zipCode": "402411056",
    "residentAddressCode": "21",
    "dateOfBirth": "1939-01-20",
    "veteransStatus": "X",
    "educationCode": "W",
    "yearOfHigherEducationDegree": "1970",
    "collegeMajor": "260202",
    "retiredMilitaryIndicator": null,
    "veteransPreferenceIndicator": "1",
    "veteransPrefereanceRifIndicator": "Y",
    "rnoHispanic": "N",
    "rnoAmIndianAlaskaNative": "N",
    "rnoHawaiNative": "N",
    "rnoAsian": "N",
    "rnoBlack": "N",
    "rnoWhite": "Y",
    "handicapCD": "01"
  },
  "appointment": {
    "SSN": "031284341",
    "station": "603",
    "dutyStation": "--",
    "supervisoryLevel": "0",
    "tlUnitNbr": "F04",
    "performanceCode": null,
    "performanceReviewRating": null,
    "centralizedPositionIndicator": "N",
    "financialDisclosureIndicator": "N",
    "VACAAIndicator": "N",
    "probationaryAppointment": "N",
    "annuitantIndicator": "9",
    "specializedSkillsIndicator": "N",
    "duplicateSSNIndicator": null,
    "enhancedQualificationsAssignmentIndicator": null,
    "occupationalSeriesCode": "1320",
    "occupationalSeriesTitleCode": "08",
    "occupationSeriesAssignmentCode": "00",
    "dutyBasis": "3",
    "normalHours": 0,
    "fteAdjustmentFactor": 0,
    "typeAppointment": "6",
    "flsaCode": "E",
    "uncontrolledOTIndicator": null,
    "positionnumber": "00000X",
    "costCenter": "8223",
    "organizationCode": "2070",
    "subaccountCode": "36",
    "competitiveLevel": "000",
    "serviceComputationDate": "2013-03-10",
    "appointmentDate": "2013-03-10",
    "upwardMobilityCode": "N",
    "upwardMobilityDate": "2013-03-10",
    "newHireIndicator": "N",
    "currentAppointmentAuth1": null,
    "currentAppointmentAuthority2": null,
    "employmentDate": "2013-03-10",
    "HRSmartPositionnumber": "",
    "cyberSecurityCode1": "000",
    "cyberSecurityCode2": "000",
    "cyberSecurityCode3": "000",
    "POID": "1557",
    "EIN": "VA0534323",
    "retirementCode": "2",
    "priorPerformanceRating": null,
    "priorPerformanceRatingPattern": null,
    "priorPerformanceRatingPeriod": "000000",
    "priorPerformanceRating2": null,
    "priorPerformanceRatingPattern2": null,
    "priorPerformanceRatingPeriod2": "000000",
    "priorPerformanceRating3": null,
    "priorPerformanceRatingPattern3": null,
    "priorPerformanceRatingPeriod3": "000000",
    "priorPerformanceRating4": null,
    "priorPerformanceRatingPattern4": null,
    "priorPerformanceRatingPeriod4": "000000",
    "teleworkIndicator": null,
    "rifServiceComputationDate": null,
    "retirementServiceComputationDate": "2013-03-10",
    "limitationCodeHours": "2",
    "salaryLimitationHours": 41600,
    "dutyStationTransferCode": "--",
    "stationTransfer": null,
    "accessionCode": "N",
    "separationIndicator": "N",
    "disabilityRetirementIndicator": "N",
    "OWCPBeneficiary": "N",
    "natureOfActionEffectiveDate": null,
    "natureOfActionCode": null,
    "probationaryForSeniorExecSvc": "N",
    "probationaryForManagersAndSupervisors": "N",
    "seniorExecSvcPositionOccupied": null,
    "FEGLIAnnuityReduction": null,
    "jobsharePositionIndicator": null,
    "positionDesignation": null,
    "securityLevel": null,
    "securityInvestigationCompletionIndicator": null,
    "securityInvestigationCompletionDate": null,
    "personnelIdentificationVerificationnumber": null
  },
  "benefits": {
    "tempEmpHealthInsurance": "N",
    "FEHBCode": "000",
    "FEHBEffectiveNextPayPeriod": null,
    "healthBenefitsDeductionIndicator": null,
    "FEGLICode": "A",
    "lifeInsuranceUnits": "0",
    "lifeInsuranceAdditionalUnitsCode": "0",
    "FEHBTaxStatusIndicator": "W",
    "uniformAllowanceEligibilityDate": null,
    "uniformAllowanceHourlyRate": 0,
    "courtOrderedFEHBIndicator": "N",
    "transitAllowanceType": null,
    "modeOfTransit": null,
    "transitAmount": 0
  },
  "compensations": {
    "interPersonnelAgree": "N",
    "payRateDeterminant": "0",
    "payPlan": "F",
    "retainedGrade": null,
    "payBasis": "0",
    "gradeCode": "00",
    "step": " N",
    "withinGradeEligibilityCode": "2",
    "salaryPayable": 100,
    "localityPay": 0,
    "fringeBenefitAmount": 0,
    "marketPayAmount": 0,
    "nurseSpecialPay": 0,
    "salaryDate": null,
    "premiumPayPercent": 0,
    "nonPayEmployeeIndicator": "N",
    "lastPayPeriodProcessed": "03",
    "admUncontrolledOTPercent": 0,
    "premiumPayIndicator": null,
    "schedulenumber": null,
    "savedPayGrade": "00",
    "pharmacyExecutivePay": 0,
    "monthlyAnnuity": 0,
    "supervisorDifferentialPay": 0,
    "COLAPercent": 0,
    "COLAYearToDate": 0,
    "postDifferential": 0,
    "backupPayTableScheduleId": null,
    "retainedStep": null,
    "aggregateSalaryYTD": 5600,
    "baseAggregateSalary": 1600,
    "projectedAggregate": 40800,
    "opmPayPlan": null,
    "hrSmartPayPlan": null,
    "title38HybridInd": null
  },
  "deductions": {
    "unionDuesAnniversaryDay": null,
    "DFASUnionCode": null,
    "DFASUnionOptionCode": null,
    "unionDuesBiweeklyDeduction": 0,
    "bargainingUnitStatusCode": "8888",
    "DFASUnionCode2": null,
    "DFASUnionOptionCode2": null,
    "unionDuesBiweeklyDeduction2": "0"
  },
  "followUp": [
    {
      "noac05followUpCode": "999",
      "followUpCode": "05",
      "followUpDate": "2020-09-30"
    }
  ],
  "laborDetails": [
    {
      "functionalCode": "99",
      "fundControlPointFor1stPosition": "082",
      "cityTaxSatellite": null,
      "fMSFundCode": "0160A1",
      "primaryLaborCodePercentage": 100,
      "laborDistributionCode": "MCA1",
      "laborcostcenter": "8223"
    }
  ],
  "leaveDetails": {
    "disabledVeteranLeave": "N",
    "leaveGroup": "0",
    "leaveRestriction": "N",
    "eligibleForLeaveNextPayPeriod": "N",
    "annualLeaveDays": 0,
    "annualLeaveCreditHoursAdjustment": 0,
    "annualLeaveEarnedLeaveYearToDate": 0,
    "annualLeaveUsed": 0,
    "annualLeaveBalanceEOPY": 0,
    "sickLeaveBalance": 0,
    "sickLeaveEarned": 0,
    "sickLeaveUsed": 0,
    "sickLeaveBalanceEOPY": 0,
    "currentPartTimeIntermittentHours": 0,
    "daysWorkedForCalendarYearIntermittent": 0,
    "daysWorkedForIntermittentStepIncrease": 0,
    "daysWorkedProbationaryPeriodIntermittent": 0,
    "restoredAnnualLeave1LoseCode": null,
    "restoredAnnualLeave2LoseCode": null,
    "restoredLeaveYear1": null,
    "restoredLeaveYear1-Hours": 0,
    "restoredLeaveYear2": null,
    "restoredLeaveYear2-Hours": 0,
    "restoredLeaveYear3": null,
    "restoredLeaveYear3-Hours": 0
  },
  "lwopDetails": {
    "extendedLWOPIndicator": "N",
    "LWOPControlUnits": 1,
    "LWOPThisYear": 0,
    "LWOPOrRtdCreditDaysInCalYear": 0,
    "LWOPThisSalaryStep": 0,
    "LWOPProbationaryPeriod": 0,
    "LWOPWithoutPaySES": 0,
    "LWOPWithoutPayMgrs": 0,
    "LWOPSinceLastPromotion": 0
  },
  "empMilresLvDetails": {
    "militaryLvBalFytd": null,
    "militaryLvEligInd": null,
    "residentPayableAnnlLvDays": null,
    "residentNpayAnnlLvDaysB": null,
    "residentNpayLvCurBal": null,
    "residentNpayLvEopyBal": null
  },
  "empTaxDetails": {
    "fedMaritalStatus": "2",
    "fedIncTaxExemptions": 0,
    "fedIncTaxAddlWithholding": 0,
    "fedIncEicStatus": "0",
    "fedResidentInd": null,
    "primStGsaCode": "21",
    "primStMaritalStatus": "M",
    "primStResidence": null,
    "primStExemption1": 0,
    "primStExemption2": 0,
    "primStAddlWithholding": 0,
    "stTaxSpecialOpt1": null,
    "stTaxSpecialOpt2": null,
    "stTaxPrExemption": 0,
    "stTaxMdPct": "000",
    "primCityGsaCode": "210013",
    "primCityMaritalStatus": "2",
    "primCityResidence": null,
    "primCityExemption1": 0,
    "primCityAddlWithholding": 0,
    "fedTaxQrtrlyGrossPay": 5600,
    "secStGsaCode": null,
    "secCityGsaCode": null,
    "secStMaritalStatus": null,
    "secCityMaritalStatus": null,
    "secStResidence": null,
    "secCityResidence": null,
    "secStExemption1": 0,
    "secStExemption2": 0,
    "secCityExemption1": 0,
    "secStAddlWithholding": 0,
    "secCityAddlWithholding": 0
  },
  "empTitle38Details": {
    "internshipCode": null,
    "extLwopTitle38Ed": null,
    "specialAdvPerformance": null,
    "promotionEligNoticeSent": null,
    "deptMedSvcServiceDt": null,
    "areaOfCertifiedSpec1": null,
    "areaOfCertifiedSpec2": null,
    "frozenLeaveAllowed": null,
    "priorYrLvCarriedOver": null,
    "frozenLeaveUsed": null,
    "countryOfMedSchool": null,
    "payCapAmount": null,
    "tierPayLevel": null
  },
  "empTspDetails": {
    "status": "I",
    "statusDt": "2013-03-10",
    "tspServiceCompDt": null,
    "vestingPeriod": "0",
    "tspSeparationCd": null,
    "dollarPercentageDed": 0,
    "dollarAmtDed": 0,
    "employeeCatchup": 0,
    "hardshipInd": "N",
    "hardshipStartDt": null,
    "hardshipEndDt": null,
    "rothPayPeriodDollarAmt": 0,
    "rothPercentAmt": 0,
    "rothCatchupAmt": 0
  },
  "empVcsDetails": {
    "acct601SubcodeInd": null,
    "acct301Pct": null,
    "acct302Pct": null,
    "acct303Pct": null,
    "acct304Pct": null,
    "acct601Pct": null,
    "acct701Pct": null,
    "acct702Pct": null,
    "acct703Pct": null,
    "acct704Pct": null,
    "acct706Pct": null,
    "acct709Pct": null,
    "leaveLiability": null,
    "pwLifeInsrUnits": null,
    "pwCommissionPct": null,
    "pwLeaveHourlyRate": null,
    "leadershipProgramInd": null
  },
  "militaryDetails": {
    "militaryServiceCredit": null,
    "militaryMedOccSpec": null,
    "milFurInitialStartDt": null,
    "milFurBenefitStartDt": null,
    "milFurInitialEndDt": null,
    "milFurProjectedEndDt": null,
    "milFurBenefitEndDt": null,
    "milFurReturnToDutyDt": null
  },
  "payEmployment": {
    "ssn": "031284341",
    "payYear": "2020",
    "payPeriod": "6",
    "actualSsn": null,
    "station": "603",
    "hrsmartEmplId": "00085718",
    "hrsmartRecNo": "00",
    "accSepInd": "N",
    "moneyInd": "N",
    "becbenLwopCtrl": "N",
    "dfasPriorPpAdjustInd": "N",
    "extendedLwopCtrl": "N",
    "deathIndCtrl": "N",
    "sameAsLastPpCtrl": "N",
    "insuranceAgeGrp": "0",
    "onCallStandByInd": null,
    "fteAdjustmentFactor": "0",
    "fteEmployee": "0",
    "fteHours": "0",
    "fteDays": "0",
    "baseRate": "0",
    "intermittentDays": "0",
    "adjustmentInd": "Y",
    "accessionNoa": null,
    "separationNoa": null,
    "separationDt": null,
    "basePayChangeYear": "2016",
    "basePayChangePp": "05"
  },
  "payCityTax": [
    {
      "ssn": null,
      "payYear": null,
      "payPeriod": null,
      "recordNumber": null,
      "cityGsacode": null,
      "cityType": null,
      "cityTax": null
    }
  ],
  "payBeneDed": {
    "ssn": null,
    "payYear": null,
    "payPeriod": null,
    "unionCode1Dfas": null,
    "unionCode2Dfas": null,
    "tspLoan1Amt": null,
    "tspLoan1Acct": null,
    "tspLoan2Amt": null,
    "tspLoan2Acct": null,
    "quartersDedCode": null,
    "voluntaryAllotmentCntl1": null,
    "voluntaryAllotmentCntl2": null,
    "voluntaryAllotmentCntl3": null,
    "voluntaryAllotmentCntl4": null,
    "tspRetroBackPayInd": null,
    "tspAdjustmentInd": null,
    "studentLoanAmt": null,
    "nonAppropriationCode": null,
    "nonAppropriationMoney": null
  },
  "payLeave": {
    "ssn": null,
    "payYear": null,
    "payPeriod": null,
    "annlLvUsed": null,
    "annlLvBal": null,
    "annlLvBalEopy": null,
    "annlLvEndingBal": null,
    "annlLvRestored": null,
    "annlLvRestoredYr1Bal": null,
    "annlLvRestoredYr2Bal": null,
    "annlLvRestoredYr3Bal": null,
    "restoredAnnlLvDt1": null,
    "restoredAnnlLvDt2": null,
    "restoredAnnlLvDt3": null,
    "advancedAnnlLvBal": null,
    "lwopTaken": null,
    "lwopTakenWeek1": null,
    "lwopUsedAdjust": null,
    "annualLwop": null,
    "sickLvUsedTotal": null,
    "sickLvUsed": null,
    "sickLvBalEopy": null,
    "sickLvEndingBal": null,
    "advancedSickLvBal": null,
    "militaryLvUsed": null,
    "militaryLvBalFytd": null,
    "lumpSumFrozenAmt": null,
    "lumpSumHours": null,
    "lumpSumDt": null,
    "lumpSumCompHours": null,
    "compEarned": null,
    "compUsed": null,
    "compBalance": null,
    "frozenLeaveAllowed": null,
    "frozenLeaveUsed": null,
    "vcsLeaveLiability": null,
    "vcsCost": null,
    "donatedLvBal": null,
    "payPrdDonatedLvUsed": null,
    "dvlBalance": null,
    "dvlUsedPayPeriod": null,
    "childCareSubYtd": null,
    "adhocHoursTw": null,
    "regularHoursTw": null,
    "medicalHoursTw": null,
    "weatherSafetyLv": null
  },
  "payPayroll": {
    "ssn": null,
    "payYear": null,
    "payPeriod": null,
    "basePay": null,
    "nightDiffPay": null,
    "holidayPay": null,
    "overtimePay": null,
    "overtimeHolidayPay": null,
    "lumpSumPaymentAmt": null,
    "postDiffPay": null,
    "standByDiff": null,
    "sundayDiff": null,
    "onCallPay": null,
    "pharmacistExecPay": null,
    "annuityPay": null,
    "saturdayDiffPay": null,
    "authorizedOt": null,
    "specialsalary": null,
    "supervisorDiff": null,
    "awardIncentive": null,
    "awardPerformance": null,
    "awardSes": null,
    "awardTravel": null,
    "awardVolSepIncentivePay": null,
    "localityPay": null,
    "studentLoanIncentive": null,
    "grossPay": null,
    "netPay": null,
    "localGsacodeOccPrivTax": null,
    "militaryRetirementEmp": null,
    "oasdiEmp": null,
    "oasdiVa": null,
    "medicareEmp": null,
    "medicareVa": null,
    "tspEmployee": null,
    "tspVaBasic": null,
    "tspVaMatch": null,
    "tspEmployeeCatchup": null,
    "deathWage": null,
    "availablePay": null,
    "federalTaxLevyPayment": null,
    "recurringPaymentAmt": null,
    "garnishmentFee": null,
    "healthEmp": null,
    "healthVa": null,
    "healthRepaidVa": null,
    "healthNonTaxableAmt": null,
    "advancedFehb": null,
    "longTermCare": null,
    "fsaHealthAcctAmt": null,
    "fsaDependentAcctAmt": null,
    "dentalDebit": null,
    "visionDebit": null,
    "comboDebit": null,
    "hsaSavingsAmt": null,
    "lifeInsurEmp": null,
    "lifeInsurVa": null,
    "lifeStandard": null,
    "lifeAdditional": null,
    "lifeFamily": null,
    "quartersDedAmt": null,
    "quartersDedAmtNoHskpg": null,
    "subsistenceDedAmt": null,
    "garageDedAmt": null,
    "parkingDedAmt": null,
    "cfcBiweeklyDed": null,
    "savingsAllotmentDed": null,
    "voluntaryAllotmentAmt1": null,
    "voluntaryAllotmentAmt2": null,
    "voluntaryAllotmentAmt3": null,
    "voluntaryAllotmentAmt4": null,
    "voluntaryVcsAmt": null,
    "garnishChildSupt": null,
    "garnishBankruptcy": null,
    "garnishTax1": null,
    "garnishTax2": null,
    "garnishTax3": null,
    "garnishTax4": null,
    "garnishCommercial1": null,
    "garnishCommercial2": null,
    "garnishCommercial3": null,
    "garnishCommercial4": null,
    "unionCode1Dues": null,
    "unionCode2Dues": null,
    "other3875": null,
    "earnedIncomeCreditAmt": null,
    "retireAnnualEmp": null,
    "retireAnnualFersVa": null,
    "retireEmp": null,
    "retireVa": null,
    "retire401kEmp": null,
    "retire401kVa": null,
    "uniformAllowance": null,
    "overtime": null,
    "overtimeHol": null,
    "nonPayTime": null,
    "hazardTime": null,
    "holidayTime": null,
    "nightTime": null,
    "onCallTime": null,
    "saturdayTime": null,
    "standByTime": null,
    "sundayTime": null,
    "regularTime": null,
    "adminLvTime": null,
    "oasdiWages": null,
    "medicareWages": null,
    "aggregateLife": null,
    "aggregateSalary": null,
    "garnishmentEmployee": null,
    "retire401kLoanEmp": null,
    "advancedFehbRetire": null,
    "colaAmt": null,
    "tspRothEmp": null,
    "tspRothCatchup": null,
    "interestAmt": null,
    "reserveDiff": null,
    "weekendPremPayAmt": null,
    "weekendPremPayHours": null,
    "transitAllowAmt": null
  }
}