{
  "listOfHrPayrollInfo": [
    {
      "personalInformation": {
        "employeeID": "00000015",
        "actualSSN": null,
        "name": "FOLEY,DANIEL F",
        "givenName": "DANIEL",
        "middleName": "F",
        "familyName": "FOLEY",
        "nameSuffix": null,
        "sex": "M",
        "emailAddress": "DAN.FOLEY@VA.GOV",
        "citizenshipCode": "1",
        "birthCountryCode": "US",
        "visaCountryCode": null,
        "typeOfVisa": null,
        "addressLine1": "49 FOUNTAIN DR",
        "addressLine2": null,
        "city": "STAFFORD",
        "state": "VA",
        "zipCode": "225540000",
        "residentAddressCode": "51",
        "dateOfBirth": "1956-05-14",
        "veteransStatus": "P",
        "educationCode": "P",
        "yearOfHigherEducationDegree": "1996",
        "collegeMajor": "520899",
        "retiredMilitaryIndicator": "B",
        "veteransPreferenceIndicator": "2",
        "veteransPrefereanceRifIndicator": "N",
        "rnoHispanic": "N",
        "rnoAmIndianAlaskaNative": "N",
        "rnoHawaiNative": "N",
        "rnoAsian": "N",
        "rnoBlack": "N",
        "rnoWhite": "Y",
        "handicapCD": "22"
      },
      "appointment": {
        "SSN": "1234567890",
        "station": "101",
        "dutyStation": "PG",
        "supervisoryLevel": "0",
        "tlUnitNbr": "808",
        "performanceCode": "5",
        "performanceReviewRating": "H",
        "centralizedPositionIndicator": "N",
        "financialDisclosureIndicator": "N",
        "VACAAIndicator": "N",
        "probationaryAppointment": "N",
        "annuitantIndicator": "9",
        "specializedSkillsIndicator": "N",
        "duplicateSSNIndicator": null,
        "enhancedQualificationsAssignmentIndicator": null,
        "occupationalSeriesCode": "0510",
        "occupationalSeriesTitleCode": "22",
        "occupationSeriesAssignmentCode": "00",
        "dutyBasis": "1",
        "normalHours": 80,
        "fteAdjustmentFactor": 0,
        "typeAppointment": "1",
        "flsaCode": "E",
        "uncontrolledOTIndicator": null,
        "positionNumber": "130470",
        "costCenter": "5403",
        "organizationCode": "1000",
        "subaccountCode": "01",
        "competitiveLevel": "X01",
        "serviceComputationDate": "2002-12-29",
        "appointmentDate": "2009-09-13",
        "upwardMobilityCode": "N",
        "upwardMobilityDate": null,
        "newHireIndicator": "N",
        "currentAppointmentAuth1": "KTM",
        "currentAppointmentAuthority2": null,
        "employmentDate": "2009-09-13",
        "HRSmartPositionNumber": "91396789",
        "cyberSecurityCode1": "000",
        "cyberSecurityCode2": "000",
        "cyberSecurityCode3": "000",
        "POID": "1014",
        "EIN": "VA0104920",
        "retirementCode": "K",
        "priorPerformanceRating": "0",
        "priorPerformanceRatingPattern": "H",
        "priorPerformanceRatingPeriod": "201609",
        "priorPerformanceRating2": "4",
        "priorPerformanceRatingPattern2": "H",
        "priorPerformanceRatingPeriod2": "201309",
        "priorPerformanceRating3": "5",
        "priorPerformanceRatingPattern3": "H",
        "priorPerformanceRatingPeriod3": "201209",
        "priorPerformanceRating4": "5",
        "priorPerformanceRatingPattern4": "H",
        "priorPerformanceRatingPeriod4": "201109",
        "teleworkIndicator": "A",
        "rifServiceComputationDate": "2002-12-29",
        "retirementServiceComputationDate": "2002-12-29",
        "limitationCodeHours": "0",
        "salaryLimitationHours": 0,
        "dutyStationTransferCode": "--",
        "stationTransfer": null,
        "accessionCode": "N",
        "separationIndicator": "N",
        "disabilityRetirementIndicator": "N",
        "OWCPBeneficiary": "N",
        "natureOfActionEffectiveDate": null,
        "natureOfActionCode": null,
        "probationaryForSeniorExecSvc": "N",
        "probationaryForManagersAndSupervisors": "N",
        "seniorExecSvcPositionOccupied": null,
        "FEGLIAnnuityReduction": null,
        "jobsharePositionIndicator": null,
        "positionDesignation": "A1",
        "securityLevel": "BI",
        "securityInvestigationCompletionIndicator": "Y",
        "securityInvestigationCompletionDate": "2005-06-02",
        "personnelIdentificationVerificationNumber": null
      },
      "benefits": {
        "tempEmpHealthInsurance": "N",
        "FEHBCode": "001",
        "FEHBEffectiveNextPayPeriod": "2009-09-13",
        "healthBenefitsDeductionIndicator": null,
        "FEGLICode": "D",
        "lifeInsuranceUnits": "0",
        "lifeInsuranceAdditionalUnitsCode": "0",
        "FEHBTaxStatusIndicator": "R",
        "uniformAllowanceEligibilityDate": null,
        "uniformAllowanceHourlyRate": 0,
        "courtOrderedFEHBIndicator": "N",
        "transitAllowanceType": null,
        "modeOfTransit": null,
        "transitAmount": 0
      },
      "compensations": {
        "interPersonnelAgree": "N",
        "payRateDeterminant": "0",
        "payPlan": "A",
        "retainedGrade": null,
        "payBasis": "1",
        "gradeCode": "14",
        "step": "09",
        "withinGradeEligibilityCode": "2",
        "salaryPayable": 153665,
        "localityPay": 35896,
        "fringeBenefitAmount": 0,
        "marketPayAmount": 0,
        "nurseSpecialPay": 0,
        "salaryDate": "2016-04-03",
        "premiumPayPercent": 0,
        "nonPayEmployeeIndicator": "N",
        "lastPayPeriodProcessed": "03",
        "admUncontrolledOTPercent": 0,
        "premiumPayIndicator": null,
        "scheduleNumber": null,
        "savedPayGrade": "14",
        "pharmacyExecutivePay": 0,
        "monthlyAnnuity": 0,
        "supervisorDifferentialPay": 0,
        "COLAPercent": 0,
        "COLAYearToDate": 0,
        "postDifferential": 0,
        "backupPayTableScheduleId": null,
        "retainedStep": null,
        "aggregateSalaryYTD": 25448.95,
        "baseAggregateSalary": 6276.96,
        "projectedAggregate": 163542.07,
        "opmPayPlan": null,
        "hrSmartPayPlan": null,
        "title38HybridInd": null
      },
      "deductions": {
        "unionDuesAnniversaryDay": null,
        "DFASUnionCode": null,
        "DFASUnionOptionCode": null,
        "unionDuesBiweeklyDeduction": 0,
        "bargainingUnitStatusCode": "8888",
        "DFASUnionCode2": null,
        "DFASUnionOptionCode2": null,
        "unionDuesBiweeklyDeduction2": "0"
      },
      "followUp": [
        {
          "noac05followUpCode": null,
          "followUpCode": null,
          "followUpDate": null
        }
      ],
      "laborDetails": [
        {
          "functionalCode": "00",
          "fundControlPointFor1stPosition": "001",
          "cityTaxSatellite": null,
          "fMSFundCode": "0129A1",
          "primaryLaborCodePercentage": 100,
          "laborDistributionCode": "BUA1",
          "laborcostcenter": "5403"
        }
      ],
      "leaveDetails": {
        "disabledVeteranLeave": "N",
        "leaveGroup": "3",
        "leaveRestriction": "N",
        "eligibleForLeaveNextPayPeriod": "N",
        "annualLeaveDays": 261.5,
        "annualLeaveCreditHoursAdjustment": 0,
        "annualLeaveEarnedLeaveYearToDate": 24,
        "annualLeaveUsed": 0,
        "annualLeaveBalanceEOPY": 237.5,
        "sickLeaveBalance": 849,
        "sickLeaveEarned": 12,
        "sickLeaveUsed": 1.5,
        "sickLeaveBalanceEOPY": 838.5,
        "currentPartTimeIntermittentHours": 0,
        "daysWorkedForCalendarYearIntermittent": 0,
        "daysWorkedForIntermittentStepIncrease": 0,
        "daysWorkedProbationaryPeriodIntermittent": 0,
        "restoredAnnualLeave1LoseCode": null,
        "restoredAnnualLeave2LoseCode": null,
        "restoredLeaveYear1": null,
        "restoredLeaveYear1-Hours": 0,
        "restoredLeaveYear2": null,
        "restoredLeaveYear2-Hours": 0,
        "restoredLeaveYear3": null,
        "restoredLeaveYear3-Hours": 0
      },
      "lwopDetails": {
        "extendedLWOPIndicator": "N",
        "LWOPControlUnits": 1,
        "LWOPThisYear": 0,
        "LWOPOrRtdCreditDaysInCalYear": 0,
        "LWOPThisSalaryStep": 0,
        "LWOPProbationaryPeriod": 0,
        "LWOPWithoutPaySES": 0,
        "LWOPWithoutPayMgrs": 0,
        "LWOPSinceLastPromotion": 0
      },
      "rrrDetails": {},
      "empMilresLvDetails": {
        "militaryLvBalFytd": null,
        "militaryLvEligInd": null,
        "residentPayableAnnlLvDays": null,
        "residentNpayAnnlLvDaysB": null,
        "residentNpayLvCurBal": null,
        "residentNpayLvEopyBal": null
      },
      "empTaxDetails": {
        "fedMaritalStatus": "1",
        "fedIncTaxExemptions": 1,
        "fedIncTaxAddlWithholding": 0,
        "fedIncEicStatus": "0",
        "fedResidentInd": null,
        "primStGsaCode": "51",
        "primStMaritalStatus": "S",
        "primStResidence": "R",
        "primStExemption1": 0,
        "primStExemption2": 0,
        "primStAddlWithholding": 0,
        "stTaxSpecialOpt1": null,
        "stTaxSpecialOpt2": null,
        "stTaxPrExemption": 0,
        "stTaxMdPct": "000",
        "primCityGsaCode": null,
        "primCityMaritalStatus": null,
        "primCityResidence": null,
        "primCityExemption1": 0,
        "primCityAddlWithholding": 0,
        "fedTaxQrtrlyGrossPay": 25141.27,
        "secStGsaCode": null,
        "secCityGsaCode": null,
        "secStMaritalStatus": null,
        "secCityMaritalStatus": null,
        "secStResidence": null,
        "secCityResidence": null,
        "secStExemption1": 0,
        "secStExemption2": 0,
        "secCityExemption1": 0,
        "secStAddlWithholding": 0,
        "secCityAddlWithholding": 0
      },
      "empTitle38Details": {
        "internshipCode": null,
        "extLwopTitle38Ed": null,
        "specialAdvPerformance": null,
        "promotionEligNoticeSent": null,
        "deptMedSvcServiceDt": null,
        "areaOfCertifiedSpec1": null,
        "areaOfCertifiedSpec2": null,
        "frozenLeaveAllowed": null,
        "priorYrLvCarriedOver": null,
        "frozenLeaveUsed": null,
        "countryOfMedSchool": null,
        "payCapAmount": null,
        "tierPayLevel": null
      },
      "empTspDetails": {
        "status": "Y",
        "statusDt": "2006-08-16",
        "tspServiceCompDt": "2004-04-18",
        "vestingPeriod": "3",
        "tspSeparationCd": null,
        "dollarPercentageDed": 0,
        "dollarAmtDed": 690,
        "employeeCatchup": 0,
        "hardshipInd": "N",
        "hardshipStartDt": null,
        "hardshipEndDt": null,
        "rothPayPeriodDollarAmt": 0,
        "rothPercentAmt": 0,
        "rothCatchupAmt": 0
      },
      "empVcsDetails": {
        "acct601SubcodeInd": null,
        "acct301Pct": null,
        "acct302Pct": null,
        "acct303Pct": null,
        "acct304Pct": null,
        "acct601Pct": null,
        "acct701Pct": null,
        "acct702Pct": null,
        "acct703Pct": null,
        "acct704Pct": null,
        "acct706Pct": null,
        "acct709Pct": null,
        "leaveLiability": null,
        "pwLifeInsrUnits": null,
        "pwCommissionPct": null,
        "pwLeaveHourlyRate": null,
        "leadershipProgramInd": null
      },
      "militaryDetails": {
        "militaryServiceCredit": null,
        "militaryMedOccSpec": null,
        "milFurInitialStartDt": null,
        "milFurBenefitStartDt": null,
        "milFurInitialEndDt": null,
        "milFurProjectedEndDt": null,
        "milFurBenefitEndDt": null,
        "milFurReturnToDutyDt": null
      },
      "payEmployment": {
        "ssn": "014484396",
        "payYear": "2020",
        "payPeriod": "6",
        "actualSsn": null,
        "station": "101",
        "hrsmartEmplId": "00000015",
        "hrsmartRecNo": "00",
        "accSepInd": "N",
        "moneyInd": "N",
        "becbenLwopCtrl": "N",
        "dfasPriorPpAdjustInd": "N",
        "extendedLwopCtrl": "N",
        "deathIndCtrl": "N",
        "sameAsLastPpCtrl": "N",
        "insuranceAgeGrp": "7",
        "onCallStandByInd": null,
        "fteAdjustmentFactor": "0",
        "fteEmployee": "1",
        "fteHours": "80",
        "fteDays": "80",
        "baseRate": "73.63",
        "intermittentDays": "0",
        "adjustmentInd": "Y",
        "accessionNoa": null,
        "separationNoa": null,
        "separationDt": null,
        "basePayChangeYear": "2018",
        "basePayChangePp": "01"
      },
      "payCityTax": [],
      "payBeneDed": {
        "ssn": null,
        "payYear": null,
        "payPeriod": null,
        "unionCode1Dfas": null,
        "unionCode2Dfas": null,
        "tspLoan1Amt": null,
        "tspLoan1Acct": null,
        "tspLoan2Amt": null,
        "tspLoan2Acct": null,
        "quartersDedCode": null,
        "voluntaryAllotmentCntl1": null,
        "voluntaryAllotmentCntl2": null,
        "voluntaryAllotmentCntl3": null,
        "voluntaryAllotmentCntl4": null,
        "tspRetroBackPayInd": null,
        "tspAdjustmentInd": null,
        "studentLoanAmt": null,
        "nonAppropriationCode": null,
        "nonAppropriationMoney": null
      },
      "payLeave": {
        "ssn": "014484396",
        "payYear": "2020",
        "payPeriod": "6",
        "annlLvUsed": "0",
        "annlLvBal": "278.5",
        "annlLvBalEopy": "237.5",
        "annlLvEndingBal": "0",
        "annlLvRestored": "0",
        "annlLvRestoredYr1Bal": "0",
        "annlLvRestoredYr2Bal": "0",
        "annlLvRestoredYr3Bal": "0",
        "restoredAnnlLvDt1": null,
        "restoredAnnlLvDt2": null,
        "restoredAnnlLvDt3": null,
        "advancedAnnlLvBal": "0",
        "lwopTaken": "0",
        "lwopTakenWeek1": "0",
        "lwopUsedAdjust": "0",
        "annualLwop": "0",
        "sickLvUsedTotal": "0",
        "sickLvUsed": "861",
        "sickLvBalEopy": "838.5",
        "sickLvEndingBal": "0",
        "advancedSickLvBal": "0",
        "militaryLvUsed": "0",
        "militaryLvBalFytd": "0",
        "lumpSumFrozenAmt": "0",
        "lumpSumHours": "0",
        "lumpSumDt": null,
        "lumpSumCompHours": "0",
        "compEarned": "0",
        "compUsed": "0",
        "compBalance": "17.29",
        "frozenLeaveAllowed": "0",
        "frozenLeaveUsed": "0",
        "vcsLeaveLiability": "0",
        "vcsCost": "0",
        "donatedLvBal": "0",
        "payPrdDonatedLvUsed": "0",
        "dvlBalance": "0",
        "dvlUsedPayPeriod": "0",
        "childCareSubYtd": "0",
        "adhocHoursTw": "48",
        "regularHoursTw": "32",
        "medicalHoursTw": "0",
        "weatherSafetyLv": "0"
      },
      "payPayroll": {
        "ssn": "014484396",
        "payYear": "2020",
        "payPeriod": "6",
        "basePay": "5890.4",
        "nightDiffPay": "0",
        "holidayPay": "0",
        "overtimePay": "515.42",
        "overtimeHolidayPay": "0",
        "lumpSumPaymentAmt": "0",
        "postDiffPay": "0",
        "standByDiff": "0",
        "sundayDiff": "0",
        "onCallPay": "0",
        "marketPay": "0",
        "nurseExecPay": "0",
        "pharmacistExecPay": "0",
        "annuityPay": "0",
        "saturdayDiffPay": "0",
        "authorizedOt": "0",
        "specialsalary": "0",
        "recruitmentPay": "0",
        "retentionPay": "0",
        "hazardPay": "0",
        "fringeBenefitPay": "0",
        "movingPay": "0",
        "movingNonTaxWage": "0",
        "employeeVehicleUsageAmt": "0",
        "supervisorDiff": "0",
        "relocationPay": "0",
        "awardIncentive": "0",
        "awardPerformance": "0",
        "awardSes": "0",
        "awardTravel": "0",
        "awardVolSepIncentivePay": "0",
        "performancePayPhyDent": "0",
        "localityPay": "1376",
        "severencePay": "0",
        "studentLoanIncentive": "0",
        "grossPay": "6405.82",
        "netPay": "3647.98",
        "federalTaxes": "1050.86",
        "stateTaxesPrimary": "379.38",
        "stateTaxesSecondary": "0",
        "stateGsacodePrimary": "51",
        "stateGsacodeSecondary": null,
        "occupationalPrivilegeTax": "0",
        "localGsacodeOccPrivTax": null,
        "militaryRetirementEmp": "0",
        "oasdiEmp": "392.39",
        "oasdiVa": "392.39",
        "medicareEmp": "91.77",
        "medicareVa": "91.77",
        "tspEmployee": "690",
        "tspVaBasic": "58.9",
        "tspVaMatch": "235.62",
        "tspEmployeeCatchup": "0",
        "deathWage": "0",
        "availablePay": "0",
        "federalTaxLevyPayment": "0",
        "recurringPaymentAmt": "0",
        "garnishmentFee": "0",
        "healthEmp": "0",
        "healthVa": "0",
        "healthRepaidVa": "0",
        "healthNonTaxableAmt": "0",
        "advancedFehb": "0",
        "longTermCare": "0",
        "fsaHealthAcctAmt": "76.92",
        "fsaDependentAcctAmt": "0",
        "dentalDebit": "0",
        "visionDebit": "0",
        "comboDebit": "0",
        "hsaSavingsAmt": "0",
        "lifeInsurEmp": "23.4",
        "lifeInsurVa": "11.7",
        "lifeStandard": "6",
        "lifeAdditional": "0",
        "lifeFamily": "0",
        "quartersDedAmt": "0",
        "quartersDedAmtNoHskpg": "0",
        "subsistenceDedAmt": "0",
        "garageDedAmt": "0",
        "parkingDedAmt": "0",
        "cfcBiweeklyDed": "0",
        "savingsAllotmentDed": "0",
        "voluntaryAllotmentAmt1": "0",
        "voluntaryAllotmentAmt2": "0",
        "voluntaryAllotmentAmt3": "0",
        "voluntaryAllotmentAmt4": "0",
        "voluntaryVcsAmt": "0",
        "garnishChildSupt": "0",
        "garnishBankruptcy": "0",
        "garnishTax1": "0",
        "garnishTax2": "0",
        "garnishTax3": "0",
        "garnishTax4": "0",
        "garnishCommercial1": "0",
        "garnishCommercial2": "0",
        "garnishCommercial3": "0",
        "garnishCommercial4": "0",
        "unionCode1Dues": "0",
        "unionCode2Dues": "0",
        "other3875": "0",
        "earnedIncomeCreditAmt": "0",
        "retireAnnualEmp": "0",
        "retireAnnualFersVa": "0",
        "retireEmp": "47.12",
        "retireVa": "942.46",
        "retire401kEmp": "0",
        "retire401kVa": "0",
        "uniformAllowance": "0",
        "overtime": "7",
        "overtimeHol": "0",
        "nonPayTime": "0",
        "hazardTime": "0",
        "holidayTime": "0",
        "nightTime": "0",
        "onCallTime": "0",
        "saturdayTime": "0",
        "standByTime": "0",
        "sundayTime": "0",
        "regularTime": "0",
        "adminLvTime": "0",
        "oasdiWages": "6328.9",
        "medicareWages": "6328.9",
        "aggregateLife": "0",
        "aggregateSalary": "6405.82",
        "garnishmentEmployee": "0",
        "retire401kLoanEmp": "0",
        "advancedFehbRetire": "0",
        "colaAmt": "0",
        "tspRothEmp": "0",
        "tspRothCatchup": "0",
        "interestAmt": "0",
        "reserveDiff": "0",
        "weekendPremPayAmt": "0",
        "weekendPremPayHours": "0",
        "transitAllowAmt": "0"
      }
    }
  ]
}